model,ARI,NMI,F1_macro
KMeans,0.00980162316944597,0.03930952943362314,0.03421303605356205
DBSCAN,0.006702442181087804,0.013250459209341887,0.02897379168593676
